<?xml version="1.0" encoding="UTF-8"?>
<CATALOG>
    <ROUTEHEADER ROUTE="42003" NEXT="2" SOURCE="CHENNAI CENTRAL" VIA="ENNORE" DESTINATION="GUMUDIPUNDI" COACHCOUNT="12" LS="NO" TRAINTYPE="SLOW" PERIPHERY="IN" HC="5/7" DISTANCE="47"/>
    <STOPS STOP="CHENNAI CENTRAL" PFD="RIGHT" ADD="1"/>
    <STOPS STOP="BASIN BRIDGE JN" PFD="RIGHT" ADD="1"/>
    <STOPS STOP="KORUKKUPET" PFD="RIGHT" ADD="1"/>
    <STOPS STOP="TONDIARPET" PFD="RIGHT" ADD="1"/>
    <STOPS STOP="V.O.C. NAGAR" PFD="RIGHT" ADD="1"/>
    <STOPS STOP="THIRUVOTTIYUR" PFD="RIGHT" ADD="1"/>
    <STOPS STOP="WIMCO NAGAR" PFD="RIGHT" ADD="1"/>
    <STOPS STOP="KATHIVAKKAM" PFD="RIGHT" ADD="1"/>
    <STOPS STOP="ENNORE" PFD="RIGHT" ADD="1"/>
    <STOPS STOP="ATTIPATTU PUDUNAGAR" PFD="RIGHT" ADD="1"/>
    <STOPS STOP="ATTIPATTU" PFD="RIGHT" ADD="1"/>
    <STOPS STOP="NANDIAMPAKKAM" PFD="RIGHT" ADD="1"/>
    <STOPS STOP="MINJUR" PFD="RIGHT" ADD="1"/>
    <STOPS STOP="ANUPPAMBATTU" PFD="RIGHT" ADD="1"/>
    <STOPS STOP="PONNERI" PFD="RIGHT" ADD="1"/>
    <STOPS STOP="KAVARAIPETTAI" PFD="RIGHT" ADD="1"/>
    <STOPS STOP="GUMUDIPUNDI" PFD="RIGHT" ADD="1"/>
</CATALOG>
