<CATALOG>
<CD>
<NAME>Empire Burlesque</NAME>
<TRAIN>12345</TRAIN>
</CD>
<CD>
<NAME>Empire Burlesque</NAME>
<TRAIN>12323</TRAIN>
</CD>
<CD>
<NAME>Empire Burlesque</NAME>
<TRAIN>22222</TRAIN>
</CD>
<CD>
<NAME>Empire Burlesque</NAME>
<TRAIN>44444</TRAIN>
</CD>
<CD>
<NAME>Empire Burlesque</NAME>
<TRAIN>55555</TRAIN>
</CD>
<CD>
<NAME>Empire Burlesque</NAME>
<TRAIN>66666</TRAIN>
</CD>
<CD>
<NAME>Empire Burlesque</NAME>
<TRAIN>77777</TRAIN>
</CD>
<CD>
<NAME>Empire Burlesque</NAME>
<TRAIN>88888</TRAIN>
</CD>
</CATALOG>